protein	gene	log2_fold_change	p_value	p_adjusted
A0JNW5	BLTP3B	0.125234970892204	0.504918387270569	0.70044180522102
A0MZ66	SHTN1	-0.222971702325408	0.231486355734072	0.40814699563639
A1A4S6	ARHGAP10	-0.243246618937342	0.204779060929046	0.384621108044943
A1L390	PLEKHG3	-0.292976345769365	0.115895287812307	0.242655758857017
A1L3X0	ELOVL7	-0.106127420093545	0.564109576354894	0.713119653127885
A2A288	ZC3H12D	-0.611736692548482	0.00090051125112507	0.00251392724272415
A2RTX5	TARS3	0.129357731124981	0.490239277053771	0.70044180522102
A2RU30	TESPA1	-0.0692832807036229	0.718928686445197	0.828261804753337
A2VDJ0	TMEM131L	0.115403825361024	0.530509429327025	0.710882635298214
A3KMH1	VWA8	1.5800825024045	1.53889972290736e-17	4.90982292546635e-17
A3KN83	SBNO1	-0.559656818517954	0.00242670594863556	0.00625343455994547
A4D1B5	GSAP	-0.443084061022188	0.0186681699351172	0.0463247179871428
A4D1E9	GTPBP10	2.60031410455186	9.29723064421442e-42	4.44938895115976e-41
A4D1U4	DENND11	2.57631649687988	8.32561962127303e-44	4.64847095521078e-43
A5PLN9	TRAPPC13	-0.585896191625761	0.00159061464760662	0.00426284725558573
A6NDU8	RIMOC1	-0.160449202822487	0.394925979578494	0.615349782133933
A6NFQ2	TCAF2	-0.0638110489971559	0.73203933247809	0.828261804753337
A6NI79	CCDC69	0.117892102828081	0.542164351139193	0.712255127967176
A6NIH7	UNC119B	0.0504988883574889	0.784798193513292	0.834626650244295
A6NK58	LIPT2	1.42620320654589	1.60423062773701e-14	4.88561145719909e-14
A6QL63	ABTB3	-0.328236805663927	0.0915793860075708	0.19792964072604
A7E2V4	ZSWIM8	0.121343182739767	0.510005690719329	0.70044180522102
A8CG34	POM121C	0.128416239472973	0.512263409788507	0.70044180522102
A8MTT3	CEBPZOS	-0.110792877791285	0.55338342805764	0.713013263074267
A8MXV4	NUDT19	1.33699984462961	5.64378193413145e-13	1.64405821559481e-12
A9UHW6	MIF4GD	0.0890182708240077	0.649850692092247	0.763859585441764
B0I1T2	MYO1G	-0.199763523185146	0.279578320641766	0.468293687074958
B2RUZ4	SMIM1	-0.21660145932888	0.241972002595914	0.415695491639134
L0R819	ASDURF	-0.140376850121487	0.445570331434626	0.678482095593635
O00115	DNASE2	2.36565243535381	1.68883873583164e-37	6.28623307226223e-37
O00142	TK2	2.17775771289714	4.87008902370251e-31	1.63147982294034e-30
O00154	ACOT7	-3.07066983233984	3.08619766957562e-60	3.44625406435945e-59
O00182	LGALS9	0.0885832338325459	0.630402457257018	0.754231511361075
O00186	STXBP3	-0.242370661017967	0.191014880978324	0.376411677221992
O00189	AP4M1	-0.10513583906678	0.5787042054619	0.718021884554579
O00193	SMAP	-0.35247445068193	0.0596311044638442	0.137768413761295
O00203	AP3B1	-3.02961015803881	1.4041248962669e-58	1.34394811499832e-57
O00257	CBX4	-0.147689907753704	0.464224074033699	0.691178065783507
O00258	GET1	-0.0572693878273261	0.767757080597126	0.834626650244295
O00268	TAF4	-0.050968394150356	0.783629949614672	0.834626650244295
O00273	DFFA	-0.0984470918853413	0.605924652872932	0.738126395317935
O00287	RFXAP	0.0230931564542275	0.900108627373723	0.900108627373723
O00291	HIP1	-0.342114865171787	0.0643418494752173	0.143696797161319
O00391	QSOX1	0.0312187298980262	0.865549105705777	0.88619821873907
O00425	IGF2BP3	-0.236643344583378	0.212402701457655	0.384621108044943
O00429	DNM1L	-3.06075835023171	1.87145216417616e-54	1.39319216666448e-53
O00442	RTCA	0.0615434796742384	0.741726989331347	0.828261804753337
O00443	PIK3C2A	-0.260321196770668	0.158932461522502	0.322681058242655
O00459	PIK3R2	-0.0338713223006565	0.857070858790301	0.88619821873907
O00462	MANBA	2.45901109587904	5.48479478238142e-40	2.29675781512222e-39
O00471	EXOC5	-0.0301724179942658	0.872971379653412	0.88619821873907
O00479	HMGN4	-0.389017227250882	0.0450322020228508	0.107755626268964
O00481	BTN3A1	-0.237090416892398	0.208395107703196	0.384621108044943
O00488	ZNF593	-0.16076469199265	0.388702638415201	0.615349782133933
O00501	CLDN5	0.209413463459686	0.309990346047893	0.506569589883142
O00584	RNASET2	3.62723006743876	8.86794932189908e-80	1.4853815114181e-78
O00754	MAN2B1	3.92847943809279	1.93307491283065e-98	6.47580095798267e-97
O14773	TPP1	2.40025798711935	1.21459002378793e-34	4.2830279786206e-34
O14964	HGS	-2.72239325807896	1.85680205887043e-46	1.24405737944319e-45
O15118	NPC1	4.06853733029165	8.28468437582161e-105	5.55073853180048e-103
O43488	AKR7A2	-3.5694556009121	9.10918717355709e-81	2.03438513542775e-79
O43567	RNF13	2.61757878596766	9.21686767840192e-38	3.63253020266429e-37
O43865	AHCYL1	-3.48747728085865	2.51472710810019e-75	3.36973432485426e-74
O75629	CREG1	2.65556728556759	1.44052025246255e-44	8.77407790136283e-44
O75828	CBR3	-2.93485774580828	8.76156842969691e-55	7.33781355987116e-54
O75955	FLOT1	2.59468556607077	1.31789494526894e-43	6.79222779484763e-43
Q9BQS8	FYCO1	-2.56290846144422	1.07945701520601e-40	4.82157466792016e-40
